{
    "BTC":{
      "KAS":{
        "BUY":  [[0.0000004,100,200],[0.00000051,201,300],[0.00000080]],
        "SELL": [[0.0000005,100,200],[0.00000053,201,300],[0.00000090]]
      },
      "MONA":{
        "BUY":  [[5,100,200],[5.1,201,300],[8]]
      }
    },
    "LTC":{
      "KAS":{
        "BUY":  [[0.0005,100,200],[0.00051,201,300],[0.00080]],
        "SELL": [[0.0005,100,200],[0.00051,201,300],[0.00080]]
      }
    }
}
